record_id,customer_id,transaction_id,action_type,status_code,user_id,timestamp_start,timestamp_end,priority_level,response_time_seconds,notes
1001,CUST-001,REQ-001,CREATE_ENTRY,200,USR-A,2025-01-01 09:00:00,2025-01-01 09:01:30,HIGH,90,Initial entry for customer inquiry
1002,CUST-002,REQ-002,DATA_INPUT,200,USR-B,2025-01-01 09:15:00,2025-01-01 09:20:00,MEDIUM,300,Customer details entered
1003,CUST-001,REQ-001,VALIDATE_DATA,200,USR-C,2025-01-01 09:25:00,2025-01-01 09:27:00,HIGH,120,Data validated and passed
1004,CUST-003,REQ-003,CREATE_ENTRY,200,USR-A,2025-01-01 09:30:00,2025-01-01 09:32:00,LOW,120,New request created
1005,CUST-002,REQ-002,CHECK_RULES,200,USR-D,2025-01-01 09:40:00,2025-01-01 09:45:00,MEDIUM,300,Policy rules checked; no issues
1006,CUST-001,REQ-001,DECIDE_ACTION,200,USR-E,2025-01-01 09:50:00,2025-01-01 09:52:00,HIGH,120,Decision made: approve
1007,REQ-004,CUST-004,CREATE_ENTRY,200,USR-A,2025-01-01 10:00:00,2025-01-01 10:02:00,HIGH,120,Urgent new request
1009,REQ-003,CUST-003,VALIDATE_DATA,404,USR-C,2025-01-01 10:15:00,2025-01-01 10:16:00,LOW,60,Data validation failed
1012,REQ-003,CUST-003,REVISE_ENTRY,200,USR-A,2025-01-01 10:40:00,2025-01-01 10:42:00,LOW,120,Entry revised after validation failure
1013,CUST-001,REQ-001,CLOSE_CASE,200,USR-I,2025-01-01 10:50:00,2025-01-01 10:50:45,HIGH,45,Case closed successfully
1014,REQ-004,CUST-004,DATA_INPUT,200,USR-B,2025-01-01 11:00:00,2025-01-01 11:05:00,HIGH,300,Urgent details entered
1015,REQ-003,CUST-003,VALIDATE_DATA,200,USR-C,2025-01-01 11:10:00,2025-01-01 11:12:00,LOW,120,Data validated and passed after revision
1016,REQ-004,CUST-004,CHECK_RULES,200,USR-D,2025-01-01 11:15:00,2025-01-01 11:20:00,HIGH,300,Urgent policy check; all clear
1017,REQ-003,CUST-003,DECIDE_ACTION,200,USR-E,2025-01-01 11:25:00,2025-01-01 11:27:00,LOW,120,Decision made: reject
1018,REQ-004,CUST-004,DECIDE_ACTION,200,USR-E,2025-01-01 11:30:00,2025-01-01 11:32:00,HIGH,120,Decision made: approve
1021,REQ-003,CUST-003,CLOSE_CASE,200,USR-I,2025-01-01 11:55:00,2025-01-01 11:55:45,LOW,45,Case closed
1022,CUST-004,REQ-004,CLOSE_CASE,200,USR-I,2025-01-01 12:00:00,2025-01-01 12:00:45,HIGH,45,Case closed
1023,CUST-005,REQ-005,CREATE_ENTRY,200,USR-A,2025-01-01 12:10:00,2025-01-01 12:12:00,MEDIUM,120,New entry
1024,CUST-005,REQ-005,DATA_INPUT,200,USR-B,2025-01-01 12:20:00,2025-01-01 12:25:00,MEDIUM,300,Details entered
1025,REQ-005,CUST-005,VALIDATE_DATA,404,USR-C,2025-01-01 12:30:00,2025-01-01 12:31:00,MEDIUM,60,Validation failed again
1026,REQ-005,CUST-005,REVISE_ENTRY,200,USR-A,2025-01-01 12:40:00,2025-01-01 12:42:00,MEDIUM,120,Revised
1027,REQ-005,CUST-005,VALIDATE_DATA,404,USR-C,2025-01-01 12:50:00,2025-01-01 12:51:00,MEDIUM,60,Validation failed once more
1028,REQ-005,CUST-005,REVISE_ENTRY,200,USR-A,2025-01-01 13:00:00,2025-01-01 13:02:00,MEDIUM,120,Second revision
1029,REQ-005,CUST-005,DECIDE_ACTION,200,USR-E,2025-01-01 13:10:00,2025-01-01 13:12:00,MEDIUM,120,Decision: approve after multiple revisions
1031,REQ-005,CUST-005,CLOSE_CASE,200,USR-I,2025-01-01 13:30:00,2025-01-01 13:30:45,MEDIUM,45,Case closed